k_neighbors,masked_cells,MAE,RMSE
10,5815,0.0322419945630455,0.06586822806267877
5,5815,0.03254436772013517,0.06709193342095589
3,5815,0.033297463963869046,0.06865568661632855
